{"mean":{"confidence_interval":{"confidence_level":0.95,"lower_bound":-0.052459521507603406,"upper_bound":0.0481844167092321},"point_estimate":0.0017195962312497315,"standard_error":0.025732812364252212},"median":{"confidence_interval":{"confidence_level":0.95,"lower_bound":-0.006623400492646238,"upper_bound":0.03108320765289463},"point_estimate":0.013584565644485513,"standard_error":0.009689891107095231}}