{"mean":{"confidence_interval":{"confidence_level":0.95,"lower_bound":-0.10025352445328435,"upper_bound":-0.055857537399821716},"point_estimate":-0.0802644249101353,"standard_error":0.011254329938576087},"median":{"confidence_interval":{"confidence_level":0.95,"lower_bound":-0.133541451731634,"upper_bound":-0.07179596897003904},"point_estimate":-0.10611409231416336,"standard_error":0.016652332275797047}}