{"mean":{"confidence_interval":{"confidence_level":0.95,"lower_bound":511.76918663456297,"upper_bound":556.6687737921104},"point_estimate":532.7879466680091,"standard_error":11.473838851141599},"median":{"confidence_interval":{"confidence_level":0.95,"lower_bound":481.0968719653945,"upper_bound":508.51646929683886},"point_estimate":491.9134046189762,"standard_error":7.323514811122491},"median_abs_dev":{"confidence_interval":{"confidence_level":0.95,"lower_bound":46.38016732954798,"upper_bound":82.5865193759731},"point_estimate":60.85481761720284,"standard_error":9.559097804201032},"slope":{"confidence_interval":{"confidence_level":0.95,"lower_bound":504.5520148487222,"upper_bound":578.3441096660474},"point_estimate":534.638734913489,"standard_error":19.279679840058233},"std_dev":{"confidence_interval":{"confidence_level":0.95,"lower_bound":80.57794460754387,"upper_bound":152.93565531836953},"point_estimate":115.47501469836357,"standard_error":19.583355716342492}}