{"mean":{"confidence_interval":{"confidence_level":0.95,"lower_bound":-0.12152296593633123,"upper_bound":-0.05181189857701918},"point_estimate":-0.08342027309815003,"standard_error":0.017951939024453217},"median":{"confidence_interval":{"confidence_level":0.95,"lower_bound":-0.07507118455771836,"upper_bound":-0.03343258296033147},"point_estimate":-0.054890871051118006,"standard_error":0.010847215729749943}}