{"mean":{"confidence_interval":{"confidence_level":0.95,"lower_bound":0.07308886984020291,"upper_bound":0.1553699847736773},"point_estimate":0.11492877609362506,"standard_error":0.021022423535114725},"median":{"confidence_interval":{"confidence_level":0.95,"lower_bound":0.06701082051821428,"upper_bound":0.22875251080698547},"point_estimate":0.16798355890767813,"standard_error":0.04370521311738935}}