{"mean":{"confidence_interval":{"confidence_level":0.95,"lower_bound":-0.6230577285618468,"upper_bound":-0.5249723864281879},"point_estimate":-0.5847152579937209,"standard_error":0.02670202229365445},"median":{"confidence_interval":{"confidence_level":0.95,"lower_bound":-0.6456831951164863,"upper_bound":-0.6136927104820106},"point_estimate":-0.6311137415828925,"standard_error":0.008392246872687954}}