{"mean":{"confidence_interval":{"confidence_level":0.95,"lower_bound":-0.07139676435628303,"upper_bound":-0.03601704675608141},"point_estimate":-0.05443443646021917,"standard_error":0.009048180780515003},"median":{"confidence_interval":{"confidence_level":0.95,"lower_bound":-0.08407848033567322,"upper_bound":-0.04718706118100435},"point_estimate":-0.06973940017480196,"standard_error":0.00975269115983685}}