{"mean":{"confidence_interval":{"confidence_level":0.95,"lower_bound":-0.18966674685977672,"upper_bound":-0.12639894192844145},"point_estimate":-0.1574845434149469,"standard_error":0.016151399668628344},"median":{"confidence_interval":{"confidence_level":0.95,"lower_bound":-0.1907806057931405,"upper_bound":-0.11506998746383701},"point_estimate":-0.15979165146457097,"standard_error":0.01953709666977116}}