{"mean":{"confidence_interval":{"confidence_level":0.95,"lower_bound":-0.07331927678287811,"upper_bound":-0.005518241342185053},"point_estimate":-0.03927392567079835,"standard_error":0.017324120642521083},"median":{"confidence_interval":{"confidence_level":0.95,"lower_bound":-0.05039113154655017,"upper_bound":0.008136372137023784},"point_estimate":-0.021074889023233512,"standard_error":0.015161030976185746}}