{"mean":{"confidence_interval":{"confidence_level":0.95,"lower_bound":-0.08367367836190921,"upper_bound":0.019808142113435474},"point_estimate":-0.04078193924529683,"standard_error":0.027293614037024162},"median":{"confidence_interval":{"confidence_level":0.95,"lower_bound":-0.0858757681313006,"upper_bound":-0.03609811322399048},"point_estimate":-0.057605420559887155,"standard_error":0.013428832666334751}}