{"mean":{"confidence_interval":{"confidence_level":0.95,"lower_bound":-0.07235587886545292,"upper_bound":0.05598348927872199},"point_estimate":-0.00817190140642976,"standard_error":0.032767756243943943},"median":{"confidence_interval":{"confidence_level":0.95,"lower_bound":-0.004971414049111631,"upper_bound":0.06596810152430055},"point_estimate":0.038601676934441054,"standard_error":0.018151924320746544}}