{"mean":{"confidence_interval":{"confidence_level":0.95,"lower_bound":-0.07642820219211191,"upper_bound":-0.034122537639787835},"point_estimate":-0.056726160100986966,"standard_error":0.010637486639665487},"median":{"confidence_interval":{"confidence_level":0.95,"lower_bound":-0.10454669685127782,"upper_bound":-0.04124109985194512},"point_estimate":-0.08092748687723805,"standard_error":0.016294305919943814}}