{"mean":{"confidence_interval":{"confidence_level":0.95,"lower_bound":-0.06343606095811691,"upper_bound":-0.00863720301709392},"point_estimate":-0.03961804799323232,"standard_error":0.014090964017006331},"median":{"confidence_interval":{"confidence_level":0.95,"lower_bound":-0.09058798454977501,"upper_bound":-0.035950563834272864},"point_estimate":-0.06401285931264022,"standard_error":0.013759838442123468}}