{"mean":{"confidence_interval":{"confidence_level":0.95,"lower_bound":-0.07458865503706656,"upper_bound":0.003923004226605153},"point_estimate":-0.036289225092649424,"standard_error":0.019975907928449714},"median":{"confidence_interval":{"confidence_level":0.95,"lower_bound":-0.10149522860932214,"upper_bound":-0.0034261729448579192},"point_estimate":-0.033215738025899944,"standard_error":0.026013278827528203}}