{"mean":{"confidence_interval":{"confidence_level":0.95,"lower_bound":26.86564112718045,"upper_bound":27.647602062324577},"point_estimate":27.244518523874106,"standard_error":0.1994427472299292},"median":{"confidence_interval":{"confidence_level":0.95,"lower_bound":26.708177374264046,"upper_bound":27.372438417486194},"point_estimate":27.11653052227542,"standard_error":0.1715491814554244},"median_abs_dev":{"confidence_interval":{"confidence_level":0.95,"lower_bound":1.0386579866011194,"upper_bound":1.719094005130574},"point_estimate":1.3722209365138778,"standard_error":0.17500684437771524},"slope":{"confidence_interval":{"confidence_level":0.95,"lower_bound":26.926666715329976,"upper_bound":27.89229804503244},"point_estimate":27.38333354454052,"standard_error":0.2461615431825966},"std_dev":{"confidence_interval":{"confidence_level":0.95,"lower_bound":1.513484960378475,"upper_bound":2.483955495554056},"point_estimate":2.0107420686743414,"standard_error":0.2492281874650415}}