{"mean":{"confidence_interval":{"confidence_level":0.95,"lower_bound":-0.028678708617707705,"upper_bound":0.08970072063754647},"point_estimate":0.03111786745372913,"standard_error":0.031025298680001867},"median":{"confidence_interval":{"confidence_level":0.95,"lower_bound":-0.06066187079822949,"upper_bound":0.005858310080908424},"point_estimate":-0.03625886209284057,"standard_error":0.01690272226939711}}